storage,mode,entries,path,allocations,allocated_bytes,median_ns,min_ns,max_ns
vector,builder,0,wait,1,16,30.8,29.7,36.5
small_vector,builder,0,wait,0,0,8.8,8.8,10.5
vector,builder,0,increment,3,56,88.5,85.9,92.9
small_vector,builder,0,increment,0,0,11.2,9.6,11.7
vector,builder,0,wfi,5,96,163.8,153.3,165.3
small_vector,builder,0,wfi,0,0,15.9,15.3,17.3
vector,serial,0,none,0.100,48.000,115.9,110.1,126.8
small_vector,serial,0,none,1.000,6192.000,169.8,164.2,186.5
small_vector,serial,0,wait,2.000,12384.000,340.5,334.9,371.6
vector,serial,0,wait,1.200,112.000,281.8,275.4,292.7
vector,serial,0,increment,3.200,152.000,339.1,328.8,354.1
small_vector,serial,0,increment,2.000,12384.000,344.1,336.5,353.7
small_vector,serial,0,wfi,2.000,12384.000,339.6,325.3,345.7
vector,serial,0,wfi,5.200,192.000,382.8,376.9,400.8
vector,serial,0,wait_increment,4.300,216.000,467.0,458.5,483.9
small_vector,serial,0,wait_increment,3.000,18576.000,508.6,503.5,520.3
small_vector,serial,0,wait_wfi,3.000,18576.000,515.5,510.6,524.9
vector,serial,0,wait_wfi,6.300,256.000,524.7,521.5,539.2
vector,serial,1,none,1.100,56.000,146.0,141.5,160.1
small_vector,serial,1,none,1.000,6192.000,170.8,160.2,180.1
small_vector,serial,1,wait,2.000,12384.000,341.8,337.7,354.2
vector,serial,1,wait,2.200,120.000,315.8,309.7,326.0
vector,serial,1,increment,4.200,160.000,364.5,349.2,368.5
small_vector,serial,1,increment,2.000,12384.000,366.4,355.8,385.8
small_vector,serial,1,wfi,2.000,12384.000,367.8,357.1,384.0
vector,serial,1,wfi,6.200,200.000,466.8,452.1,474.5
vector,serial,1,wait_increment,5.300,224.000,526.9,501.8,550.3
small_vector,serial,1,wait_increment,3.000,18576.000,531.2,509.7,545.4
small_vector,serial,1,wait_wfi,3.000,18576.000,526.5,520.7,533.9
vector,serial,1,wait_wfi,7.300,264.000,577.3,563.5,597.6
vector,serial,4,none,1.100,80.000,150.9,145.5,163.4
small_vector,serial,4,none,1.000,6192.000,190.3,184.6,194.0
small_vector,serial,4,wait,2.000,12384.000,371.4,358.5,385.8
vector,serial,4,wait,2.200,144.000,322.3,311.1,348.3
vector,serial,4,increment,4.200,184.000,365.6,358.8,372.6
small_vector,serial,4,increment,2.000,12384.000,349.8,338.8,363.4
small_vector,serial,4,wfi,2.000,12384.000,359.9,337.3,377.2
vector,serial,4,wfi,6.200,224.000,444.3,425.9,455.4
vector,serial,4,wait_increment,5.300,248.000,539.9,535.1,554.7
small_vector,serial,4,wait_increment,3.000,18576.000,519.6,513.3,532.0
small_vector,serial,4,wait_wfi,3.000,18576.000,523.8,522.4,532.6
vector,serial,4,wait_wfi,7.300,288.000,572.0,568.7,580.9
vector,serial,16,none,1.100,176.000,164.7,158.3,168.4
small_vector,serial,16,none,1.000,6192.000,194.8,193.4,199.8
small_vector,serial,16,wait,2.000,12384.000,372.9,362.0,377.8
vector,serial,16,wait,2.200,240.000,315.0,311.5,332.0
vector,serial,16,increment,4.200,280.000,361.5,354.3,370.4
small_vector,serial,16,increment,2.000,12384.000,371.3,365.2,372.5
small_vector,serial,16,wfi,2.000,12384.000,381.8,369.3,401.9
vector,serial,16,wfi,6.200,320.000,425.8,420.7,437.6
vector,serial,16,wait_increment,5.300,344.000,523.6,520.9,532.4
small_vector,serial,16,wait_increment,3.000,18576.000,548.0,545.1,560.3
small_vector,serial,16,wait_wfi,3.000,18576.000,566.2,556.7,610.3
vector,serial,16,wait_wfi,7.300,384.000,621.5,615.2,633.1
vector,serial,64,none,1.100,560.000,213.6,208.3,221.8
small_vector,serial,64,none,1.000,6192.000,244.5,240.1,266.4
small_vector,serial,64,wait,2.000,12384.000,431.2,415.2,450.7
vector,serial,64,wait,2.200,624.000,380.3,377.6,397.6
vector,serial,64,increment,4.200,664.000,433.1,425.5,480.2
small_vector,serial,64,increment,2.000,12384.000,405.9,395.2,411.7
small_vector,serial,64,wfi,2.000,12384.000,408.1,400.3,411.5
vector,serial,64,wfi,6.200,704.000,471.8,464.3,474.6
vector,serial,64,wait_increment,5.300,728.000,565.1,562.6,609.7
small_vector,serial,64,wait_increment,3.000,18576.000,577.5,568.0,580.4
small_vector,serial,64,wait_wfi,3.000,18576.000,584.9,577.1,597.8
vector,serial,64,wait_wfi,7.300,768.000,632.5,621.8,656.7
vector,serial,128,none,1.100,1072.000,248.3,239.4,252.6
small_vector,serial,128,none,1.000,6192.000,283.4,274.2,327.3
small_vector,serial,128,wait,2.000,12384.000,454.0,450.0,462.2
vector,serial,128,wait,2.200,1136.000,396.2,391.1,401.4
vector,serial,128,increment,4.200,1176.000,447.7,442.2,465.9
small_vector,serial,128,increment,2.000,12384.000,453.3,448.7,470.2
small_vector,serial,128,wfi,2.000,12384.000,459.4,454.0,484.1
vector,serial,128,wfi,6.200,1216.000,513.1,508.5,525.0
vector,serial,128,wait_increment,5.300,1240.000,601.0,596.9,604.5
small_vector,serial,128,wait_increment,3.000,18576.000,631.1,620.9,647.5
small_vector,serial,128,wait_wfi,3.000,18576.000,635.3,627.9,660.7
vector,serial,128,wait_wfi,7.300,1280.000,714.0,708.4,746.5
vector,serial,256,none,1.100,2096.000,320.5,308.8,335.8
small_vector,serial,256,none,1.000,6192.000,477.4,473.1,506.8
small_vector,serial,256,wait,2.000,12384.000,614.0,588.8,684.4
vector,serial,256,wait,2.200,2160.000,489.2,480.3,493.4
vector,serial,256,increment,4.200,2200.000,608.1,568.9,770.1
small_vector,serial,256,increment,2.000,12384.000,595.8,582.0,662.0
small_vector,serial,256,wfi,2.000,12384.000,616.6,585.1,664.0
vector,serial,256,wfi,6.200,2240.000,609.3,585.0,647.1
vector,serial,256,wait_increment,5.300,2264.000,687.0,675.9,805.2
small_vector,serial,256,wait_increment,3.000,18576.000,838.1,816.1,943.3
small_vector,serial,256,wait_wfi,3.000,18576.000,1360.0,956.4,1582.3
vector,serial,256,wait_wfi,7.300,2304.000,800.4,799.4,805.3
vector,serial,512,none,1.100,4144.000,491.7,489.0,497.7
small_vector,serial,512,none,1.000,6192.000,801.8,775.7,817.7
small_vector,serial,512,wait,2.000,12384.000,932.7,919.4,952.9
vector,serial,512,wait,2.200,4208.000,638.5,607.0,640.0
vector,serial,512,increment,4.200,4248.000,682.4,663.6,749.2
small_vector,serial,512,increment,2.000,12384.000,853.2,796.9,911.1
small_vector,serial,512,wfi,2.000,12384.000,802.3,783.5,914.9
vector,serial,512,wfi,6.200,4288.000,734.3,723.2,773.2
vector,serial,512,wait_increment,5.300,4312.000,854.6,841.1,918.0
small_vector,serial,512,wait_increment,3.000,18576.000,1056.5,1034.4,1134.3
small_vector,serial,512,wait_wfi,3.000,18576.000,1078.0,1057.2,1217.4
vector,serial,512,wait_wfi,7.300,4352.000,907.5,894.5,929.7
vector,threaded,0,none,,,6406.8,6203.8,6746.8
small_vector,threaded,0,none,,,6584.9,6476.8,6868.9
small_vector,threaded,0,wait,,,6319.1,6013.5,6511.4
vector,threaded,0,wait,,,6577.5,6266.8,6691.9
vector,threaded,0,increment,,,8124.9,7393.8,8385.7
small_vector,threaded,0,increment,,,6540.8,6257.9,7985.8
small_vector,threaded,0,wfi,,,6961.8,6473.4,8587.5
vector,threaded,0,wfi,,,6992.1,6577.9,7254.0
vector,threaded,0,wait_increment,,,7294.9,6550.6,8152.0
small_vector,threaded,0,wait_increment,,,7166.0,6875.7,7760.9
small_vector,threaded,0,wait_wfi,,,7150.0,6770.4,7470.5
vector,threaded,0,wait_wfi,,,6875.1,6766.8,7290.8
vector,threaded,1,none,,,6558.2,6304.3,7052.4
small_vector,threaded,1,none,,,6738.6,6528.8,6889.2
small_vector,threaded,1,wait,,,6321.1,6077.2,6540.1
vector,threaded,1,wait,,,6464.6,6289.9,7012.8
vector,threaded,1,increment,,,6353.1,6146.9,6926.8
small_vector,threaded,1,increment,,,6277.3,6111.0,6364.6
small_vector,threaded,1,wfi,,,6355.0,6091.1,6573.6
vector,threaded,1,wfi,,,6420.8,6301.0,6607.5
vector,threaded,1,wait_increment,,,8653.7,8547.4,9454.8
small_vector,threaded,1,wait_increment,,,6797.4,6340.5,6900.4
small_vector,threaded,1,wait_wfi,,,6763.8,6542.7,6931.8
vector,threaded,1,wait_wfi,,,7016.7,6855.7,7113.4
vector,threaded,4,none,,,7649.1,7259.8,7700.2
small_vector,threaded,4,none,,,7031.8,6814.1,7187.9
small_vector,threaded,4,wait,,,6535.9,6344.9,6776.1
vector,threaded,4,wait,,,7018.2,6721.8,8942.4
vector,threaded,4,increment,,,9582.5,9381.6,10141.6
small_vector,threaded,4,increment,,,8756.4,8017.6,9071.4
small_vector,threaded,4,wfi,,,6925.1,6370.6,7477.8
vector,threaded,4,wfi,,,7051.6,6697.7,7364.4
vector,threaded,4,wait_increment,,,7089.2,6716.9,8035.7
small_vector,threaded,4,wait_increment,,,6949.9,6866.4,7343.1
small_vector,threaded,4,wait_wfi,,,6749.6,6654.9,7092.1
vector,threaded,4,wait_wfi,,,7019.1,6784.6,7343.7
vector,threaded,16,none,,,6281.7,6122.3,6784.0
small_vector,threaded,16,none,,,7094.1,6358.1,7911.3
small_vector,threaded,16,wait,,,8801.0,7954.9,10592.2
vector,threaded,16,wait,,,10232.5,9610.5,10415.4
vector,threaded,16,increment,,,10412.4,9505.0,10771.9
small_vector,threaded,16,increment,,,10397.0,9473.1,10791.2
small_vector,threaded,16,wfi,,,10209.3,8938.4,10709.1
vector,threaded,16,wfi,,,10538.5,8513.0,10836.5
vector,threaded,16,wait_increment,,,11458.2,11275.5,11538.8
small_vector,threaded,16,wait_increment,,,10899.0,10426.1,11074.2
small_vector,threaded,16,wait_wfi,,,10671.9,10002.1,10742.0
vector,threaded,16,wait_wfi,,,10851.1,10800.0,11107.7
vector,threaded,64,none,,,10299.0,9194.8,10456.0
small_vector,threaded,64,none,,,10244.0,9445.5,10648.5
small_vector,threaded,64,wait,,,10534.6,8352.8,10802.4
vector,threaded,64,wait,,,10319.8,10229.5,10382.1
vector,threaded,64,increment,,,11146.9,10717.8,11376.5
small_vector,threaded,64,increment,,,10221.6,7566.4,10664.6
small_vector,threaded,64,wfi,,,7113.2,6306.5,8028.7
vector,threaded,64,wfi,,,6901.4,6715.5,6990.9
vector,threaded,64,wait_increment,,,7096.9,6747.1,7236.8
small_vector,threaded,64,wait_increment,,,7141.9,6753.9,7249.9
small_vector,threaded,64,wait_wfi,,,7004.2,6884.4,7132.2
vector,threaded,64,wait_wfi,,,7049.7,6855.4,7474.1
vector,threaded,128,none,,,6779.8,6585.5,7151.1
small_vector,threaded,128,none,,,6464.9,6106.8,7107.9
small_vector,threaded,128,wait,,,7223.4,6845.4,7917.6
vector,threaded,128,wait,,,6945.4,6803.7,7045.0
vector,threaded,128,increment,,,6579.4,6381.3,6732.3
small_vector,threaded,128,increment,,,6539.8,6364.4,6783.9
small_vector,threaded,128,wfi,,,6450.7,6386.5,6577.9
vector,threaded,128,wfi,,,6629.2,6464.7,7982.7
vector,threaded,128,wait_increment,,,6728.2,6492.8,6912.0
small_vector,threaded,128,wait_increment,,,6793.0,6478.1,7149.2
small_vector,threaded,128,wait_wfi,,,9032.0,8767.9,9464.1
vector,threaded,128,wait_wfi,,,6978.4,6787.1,7150.4
vector,threaded,256,none,,,7327.1,6691.2,7486.3
small_vector,threaded,256,none,,,6565.6,6346.4,7704.8
small_vector,threaded,256,wait,,,7150.6,6974.6,7338.9
vector,threaded,256,wait,,,7175.9,6795.8,7557.9
vector,threaded,256,increment,,,6714.5,6406.2,6851.2
small_vector,threaded,256,increment,,,6789.9,6692.3,7584.1
small_vector,threaded,256,wfi,,,6827.1,6526.2,7329.4
vector,threaded,256,wfi,,,6797.7,6485.1,7917.9
vector,threaded,256,wait_increment,,,7005.0,6900.9,7470.2
small_vector,threaded,256,wait_increment,,,7142.6,7021.3,7478.5
small_vector,threaded,256,wait_wfi,,,6954.4,6825.3,7328.1
vector,threaded,256,wait_wfi,,,7020.1,6719.8,7243.1
vector,threaded,512,none,,,6264.4,6131.9,6405.8
small_vector,threaded,512,none,,,6765.4,6453.9,6944.4
small_vector,threaded,512,wait,,,8460.6,8143.7,9673.4
vector,threaded,512,wait,,,7487.9,7256.2,7655.4
vector,threaded,512,increment,,,7147.6,6818.3,7555.8
small_vector,threaded,512,increment,,,7073.1,6881.6,7866.8
small_vector,threaded,512,wfi,,,7129.6,6849.9,7595.8
vector,threaded,512,wfi,,,7068.0,6986.5,7465.9
vector,threaded,512,wait_increment,,,7134.3,7024.2,7317.7
small_vector,threaded,512,wait_increment,,,7774.4,7472.1,8098.7
small_vector,threaded,512,wait_wfi,,,7818.2,7638.4,7933.1
vector,threaded,512,wait_wfi,,,7257.6,7030.6,7482.3
